"","PETR4.SA.Open","PETR4.SA.High","PETR4.SA.Low","PETR4.SA.Close","PETR4.SA.Volume","PETR4.SA.Adjusted"
"1",30.51,30.700001,30.309999,30.700001,37774500,14.581379
"2",30.879999,31.24,30.450001,30.450001,71595600,14.462638
"3",30.43,30.940001,29.950001,30.809999,81844000,14.633626
"4",30.82,30.879999,30.469999,30.690001,32822000,14.576631
"5",30.690001,30.77,30.24,30.5,48215600,14.486388
"6",30.469999,30.620001,30.25,30.4,36102700,14.438893
"7",30.389999,30.440001,30.129999,30.27,25397500,14.377142
"8",30.35,30.43,30.209999,30.33,30676800,14.405644
"9",30.23,30.27,29.77,30,39796500,14.248906
"10",29.9,29.93,29.540001,29.549999,34405700,14.035171
"11",29.6,29.700001,29.33,29.52,28997400,14.020924
"12",29.719999,29.85,29.540001,29.85,34908000,14.17766
"13",29.700001,30.1,29.65,30,31241400,14.248906
"14",29.799999,29.940001,29.549999,29.620001,28577400,14.068419
"15",29.73,29.809999,29.27,29.290001,32491500,13.911683
"16",29.09,29.76,28.82,29.65,53752100,14.082668
"17",29.559999,29.780001,29.139999,29.299999,36898700,13.916431
"18",28.629999,28.639999,27.67,28.030001,66105300,13.313227
"19",28.43,29.139999,28.42,28.799999,47259100,13.678947
"20",29,29.08,28.67,28.85,42297500,13.702695
"21",28.280001,29.040001,28.18,28.940001,44266800,13.745444
"22",28.629999,28.84,28.309999,28.450001,55446700,13.512711
"23",28.52,28.73,28.16,28.18,39452800,13.384472
"24",28.65,29.040001,28.559999,28.629999,57658400,13.598207
"25",29.049999,29.219999,28.389999,28.389999,67994500,13.484213
"26",28.700001,29.51,28.120001,29.18,126114000,13.859437
"27",29,29.35,28.73,28.93,54514600,13.740695
"28",28.889999,29.129999,28.639999,29.129999,45328100,13.835688
"29",29.4,29.629999,29.26,29.48,37518200,14.001924
"30",29.639999,30.280001,29.629999,30.129999,64851000,14.310649
"31",29.77,30.209999,29.639999,29.719999,55277100,14.115915
"32",29.860001,29.959999,29.34,29.42,30399900,13.973426
"33",29.629999,29.77,29.309999,29.360001,38684900,13.944927
"34",29.059999,29.77,28.950001,29.75,33890900,14.130163
"35",29.870001,30.549999,29.76,30.549999,44181800,14.510135
"36",30.799999,30.889999,29.75,29.92,73522900,14.210908
"37",29.51,29.68,29.030001,29.139999,47805100,13.840437
"38",27.040001,27.389999,26.030001,26.209999,89207100,12.448794
"39",25.719999,26.530001,24.889999,25.299999,100112100,12.016576
"40",25.16,25.559999,24.620001,25.34,89095300,12.035576
"41",25.5,26.75,25.48,26.530001,71596400,12.60078
"42",26.57,27.48,25.76,26.049999,86855700,12.372799
"43",26.91,26.940001,26.24,26.889999,42320500,12.771769
"44",26.33,26.67,24.709999,25.290001,69722300,12.011827
"45",24.1,24.129999,22.549999,22.83,138597600,10.843416
"46",17.809999,18.23,15.41,16.049999,254813800,7.623163
"47",18.65,18.65,16.370001,17.559999,170478000,8.340359
"48",16.700001,17.129999,15,15.85,132482400,7.528172
"49",13.66,13.86,11.08,12.6,151535900,5.984541
"50",15.1,15.4,12.7,15.4,174972600,7.314438
"51",12.91,14.1,12.55,13.09,126432800,6.217272
"52",13.6,13.84,13,13,149228500,6.174525
"53",11.79,12.27,10.87,11.29,162515200,5.362338
"54",11.07,13.07,10.85,12.21,157065200,5.799305
"55",13.11,13.5,11.83,12,149029900,5.699562
"56",12.11,12.18,11.28,11.5,107092400,5.462081
"57",12.57,13.54,12.28,13.25,114259200,6.293266
"58",13.24,14.79,12.83,14.32,158286200,6.801477
"59",14.4,15.19,13.81,14.39,130618400,6.834726
"60",13.3,13.69,13.25,13.3,101405900,6.317014
"61",13.15,13.74,12.83,13.38,110947200,6.355012
"62",13.6,14.54,13.6,13.99,156116500,6.644738
"63",13.45,14.55,13.32,14.3,114455000,6.791978
"64",15.4,16.549999,15.01,15.51,234951200,7.366684
"65",16.299999,16.360001,14.93,15.34,142898700,7.28594
"66",16.049999,16.1,15.18,15.77,123934200,7.490175
"67",16.610001,17.07,16.34,16.4,140498900,7.789401
"68",16.5,17.530001,16.4,17.32,116151600,8.226367
"69",17.940001,18.690001,16.5,16.82,185771300,7.988886
"70",16.82,17.09,16.33,16.93,93724000,8.041132
"71",17.02,17.299999,16.610001,16.73,91017200,7.946139
"72",16.040001,16.469999,15.86,16.379999,86749600,7.779902
"73",16.67,16.76,15.53,15.72,115633300,7.466426
"74",15.75,16.129999,15.56,16.129999,116733000,7.661161
"75",15.48,16.33,15.34,15.95,133739400,7.575667
"76",15.85,16.75,15.78,16.75,114967100,7.955639
"77",17.200001,17.43,16.620001,16.950001,94759000,8.050847
"78",16.690001,16.790001,15.28,15.95,161188800,7.575871
"79",16.139999,16.530001,15.78,16.450001,85944900,7.813359
"80",17.040001,17.25,16.629999,17.25,91613600,8.193564
"81",17.799999,18.48,17.530001,18.200001,94528400,8.644803
"82",17.98,18.42,17.700001,18.049999,80263900,8.573554
"83",17.43,17.620001,17.18,17.379999,60268400,8.255312
"84",17.9,18.48,17.870001,17.940001,75043400,8.521306
"85",17.870001,18.059999,17.280001,17.280001,67937500,8.207814
"86",17.75,17.870001,17.35,17.440001,81265100,8.283812
"87",17.74,18.58,17.709999,18.48,83232700,8.777801
"88",18.299999,18.93,18.110001,18.15,65061500,8.621055
"89",18.530001,18.83,18.129999,18.139999,71837200,8.616303
"90",18.26,18.35,17.52,17.59,87222300,8.355061
"91",17.4,17.469999,16.719999,17.4,119653200,8.264813
"92",17.99,18.190001,17.15,17.15,133733100,8.146065
"93",18.1,18.540001,17.92,18.540001,116999500,8.8063
"94",18.51,18.93,18.41,18.68,80131600,8.872799
"95",19.09,19.440001,19.059999,19.299999,74595100,9.167293
"96",19.5,19.77,19.07,19.190001,81327000,9.115043
"97",18.799999,18.9,18.35,18.67,71259400,8.868049
"98",19.48,19.559999,19.26,19.48,38033000,9.252789
"99",19.98,20.09,19.33,19.67,68716900,9.343037
"100",19.799999,19.93,19.15,19.93,74790800,9.466535
"101",19.690001,20.08,19.450001,19.77,65023000,9.390537
"102",19.549999,20.34,19.299999,20.34,128832600,9.661281
"103",20.15,20.559999,20,20.33,86579500,9.65653
"104",20.75,21.4,20.6,21.4,77235100,10.16477
"105",21.860001,21.91,21.41,21.469999,86219700,10.198018
"106",21.389999,21.780001,21.040001,21.43,107401400,10.179017
"107",22.290001,23.030001,22.059999,22.1,114137700,10.497261
"108",22.549999,22.59,22.01,22.530001,82444400,10.701508
"109",22.030001,22.040001,21.639999,21.719999,96488300,10.316767
"110",21.889999,21.9,21,21.4,102551100,10.16477
"111",20.620001,21.17,20.1,20.6,116746700,9.784777
"112",19.809999,21.09,19.540001,20.700001,99931000,9.832276
"113",21.559999,21.91,21.17,21.370001,94510600,10.15052
"114",21.48,21.85,21.15,21.440001,63268700,10.183769
"115",21.18,21.77,21.08,21.6,56893300,10.259768
"116",22,22.219999,21.219999,21.469999,91139800,10.198018
"117",21.6,21.6,20.9,20.950001,45419000,9.951024
"118",21.219999,22.07,21.139999,21.65,78950900,10.283515
"119",21.49,21.559999,20.709999,21,65162400,9.974771
"120",20.91,21.469999,20.73,21.469999,47263500,10.198018
"121",21.209999,21.469999,20.780001,20.84,55499300,9.898776
"122",21.1,21.66,20.93,21.66,59809600,10.288265
"123",21.34,21.799999,21.09,21.549999,65010600,10.236016
"124",21.75,22.25,21.52,21.709999,78983900,10.312016
"125",22.1,22.209999,21.860001,22.059999,56345900,10.478261
"126",21.950001,22.18,21.799999,21.98,24060000,10.440261
"127",22.389999,22.860001,22.309999,22.51,58070900,10.692007
"128",22.34,22.469999,22.139999,22.23,46591300,10.559011
"129",22.450001,22.76,22.4,22.65,49136300,10.758506
"130",22.780001,22.809999,22.059999,22.139999,57151500,10.51626
"131",22.190001,22.65,22.059999,22.51,57428300,10.692007
"132",22.610001,22.65,22.16,22.16,55425500,10.525762
"133",22.129999,22.959999,21.860001,22.9,89380500,10.877252
"134",23.200001,23.43,22.85,23.34,58390600,11.086246
"135",23.16,23.280001,22.52,22.719999,69698700,10.791753
"136",22.83,23.030001,22.58,22.74,49927600,10.801255
"137",22.700001,22.91,22.52,22.74,48679800,10.801255
"138",23.15,23.6,23.139999,23.370001,101769600,11.100499
"139",23.299999,23.41,23.01,23.049999,43085500,10.948501
"140",23.16,23.23,22.540001,22.57,64072100,10.720721
"141",22.540001,23.059999,22.42,22.73,43380300,10.79672
"142",22.870001,23.25,22.450001,23.200001,56539600,11.01997
"143",23.040001,23.32,22.799999,22.799999,48353000,10.829969
"144",23.030001,23.25,22.92,23.17,44011500,11.005722
"145",22.92,22.92,22.5,22.82,57859000,10.83947
"146",22.92,23.139999,22.16,22.200001,75397300,10.544971
"147",22.540001,22.549999,21.719999,21.799999,63598500,10.354972
"148",21.459999,22.049999,21.25,21.780001,63011900,10.345472
"149",22.23,23.280001,22.23,23.18,137214700,11.010471
"150",23.280001,23.530001,23.01,23.219999,56375100,11.02947
"151",22.860001,22.91,22.549999,22.790001,56040200,10.825221
"152",22.9,23.450001,22.639999,23.450001,52390100,11.138721
"153",23.709999,23.879999,23.059999,23.08,66342300,10.962971
"154",23.360001,23.68,23.08,23.48,67008500,11.15297
"155",23.450001,23.58,22.709999,22.84,44588200,10.84897
"156",22.77,22.98,22.530001,22.67,38422000,10.768221
"157",22.68,22.84,22.15,22.6,52064300,10.734971
"158",22.93,23.24,22.77,23.02,49361300,10.934471
"159",22.950001,23.32,22.75,22.889999,51982100,10.872722
"160",22.52,22.870001,22.35,22.73,55251700,10.79672
"161",22.540001,22.629999,22.35,22.559999,38668300,10.715971
"162",22.860001,23.129999,22.799999,22.969999,51841900,10.91072
"163",23.09,23.15,22.690001,22.870001,37981400,10.863221
"164",22.780001,22.9,22.040001,22.219999,69925300,10.554472
"165",22.32,22.469999,22.040001,22.15,35489800,10.521222
"166",22.25,22.540001,22.059999,22.540001,31071000,10.706471
"167",22.32,22.43,21.889999,21.889999,48539700,10.397721
"168",22.200001,22.889999,22.120001,22.870001,66299700,10.863221
"169",22.93,23.1,22.52,22.799999,53618000,10.829969
"170",22.610001,23.120001,22.57,22.879999,87642400,10.86797
"171",23,23.030001,22.58,22.92,52351100,10.886971
"172",22.5,22.5,21.91,22.26,74490200,10.573471
"173",22.49,22.77,22.49,22.73,42143500,10.79672
"174",22.58,22.58,22.110001,22.120001,58350000,10.506973
"175",22.120001,22.26,21.75,21.879999,71013700,10.392971
"176",21.940001,21.98,21.43,21.68,46453300,10.297972
"177",21.98,22.08,21.549999,21.67,58546700,10.293223
"178",21.85,21.99,21.6,21.73,50379500,10.321721
"179",21.51,22.17,21.459999,22.15,60432200,10.521222
"180",21.99,22.15,21.549999,21.65,64243500,10.283722
"181",21.290001,21.459999,20.809999,20.9,73300000,9.927473
"182",20.959999,21.35,20.75,20.799999,47207700,9.879973
"183",20.799999,20.959999,20.200001,20.23,57106300,9.609223
"184",20.24,20.709999,20.059999,20.4,76310000,9.689973
"185",20.15,20.26,19.870001,20.129999,40150400,9.561725
"186",20.33,20.559999,19.629999,19.629999,48797400,9.324224
"187",19.629999,19.860001,19.25,19.309999,52878100,9.172225
"188",19.5,20.040001,19.43,19.610001,69505000,9.314725
"189",19.639999,20.059999,19.129999,19.85,77537300,9.428723
"190",19.73,19.74,19.02,19.02,85306000,9.034476
"191",19.360001,20.16,19.24,20.030001,73288500,9.514226
"192",20.469999,20.700001,19.93,19.93,77064600,9.466723
"193",20,20.049999,19.559999,19.790001,53521000,9.400225
"194",20.040001,20.59,19.860001,20.440001,78070400,9.708974
"195",20.34,20.389999,19.799999,19.799999,67962300,9.404974
"196",19.91,20.129999,19.73,20.129999,55330600,9.561725
"197",20.09,20.370001,19.969999,19.969999,44584300,9.485723
"198",19.620001,19.77,19.440001,19.75,56952100,9.381225
"199",19.67,19.709999,19.32,19.33,49929000,9.181725
"200",19.41,19.940001,19.25,19.52,107419300,9.271975
"201",19.67,20.27,19.59,20.18,68407700,9.585475
"202",20.16,20.33,19.83,20.16,60594900,9.575974
"203",20.1,20.84,20.049999,20.84,98926900,9.898974
"204",20.940001,21.139999,20.540001,20.57,61711200,9.770723
"205",20.33,20.530001,20.030001,20.25,58229100,9.618724
"206",20.26,20.370001,19.809999,19.879999,48978400,9.442975
"207",19.35,19.440001,18.67,18.67,79247400,8.868225
"208",18.43,19.370001,17.74,19.290001,86794800,9.162726
"209",19.139999,19.540001,18.870001,18.940001,64185100,8.996477
"210",19.51,19.9,19.33,19.65,66292400,9.333724
"211",20.01,20.07,19.27,19.719999,65777600,9.366975
"212",19.950001,19.99,19.719999,19.889999,40874800,9.447723
"213",19.549999,19.950001,19.540001,19.75,37273300,9.381225
"214",21.110001,22.690001,21.040001,21.610001,164904100,10.264723
"215",21.889999,23.15,21.809999,23.08,163732600,10.962971
"216",23.35,23.360001,22.4,22.879999,93072900,10.86797
"217",22.74,22.82,21.77,21.91,77275000,10.407222
"218",22.02,22.799999,21.889999,22.629999,66065200,10.749221
"219",23.200001,23.629999,23.129999,23.290001,101583300,11.062721
"220",23.049999,24.139999,22.98,23.690001,94082100,11.25272
"221",23.99,24.129999,23.549999,23.549999,68540400,11.18622
"222",23.549999,23.940001,23.370001,23.82,65382100,11.314468
"223",24.049999,25.1,24.040001,25.1,125649000,11.922468
"224",25.639999,26.67,25.639999,26.219999,153293500,12.454467
"225",26.200001,26.5,25.67,26.25,73971200,12.468718
"226",25.940001,25.950001,25.559999,25.82,41935900,12.264468
"227",25.92,26.059999,25.450001,25.5,49863500,12.112469
"228",25.26,25.879999,24.84,24.9,90207700,11.827468
"229",25.4,25.77,25.290001,25.6,58866000,12.159967
"230",25.6,26.5,25.33,25.91,88093300,12.307217
"231",26.15,26.889999,26.049999,26.639999,62424500,12.653966
"232",27.190001,27.57,27.059999,27.530001,61652400,13.076716
"233",27.27,27.790001,26.67,27,72664200,12.824966
"234",26.809999,27.139999,26.459999,26.66,46276700,12.663467
"235",26.629999,26.969999,26.4,26.940001,52448300,12.796467
"236",27.190001,28.200001,27.129999,27.82,97537100,13.214464
"237",27.49,27.84,27.280001,27.57,48334300,13.095714
"238",28.030001,28.27,27.620001,27.620001,53159500,13.119465
"239",27.620001,27.99,27.620001,27.85,47208200,13.228715
"240",27.85,28.24,27.469999,28.190001,59399200,13.390213
"241",28.299999,28.389999,28.07,28.24,39297700,13.413964
"242",28.1,28.32,28.02,28.1,44707900,13.347463
"243",27.190001,27.49,26.52,27.02,99988800,12.834466
"244",27.200001,27.469999,27.049999,27.280001,46513200,12.957966
"245",27.43,28.25,27.35,27.950001,49038900,13.276216
"246",28.360001,28.52,28.18,28.18,36313300,13.385464
"247",28.379999,28.43,27.99,28.27,29891100,13.428213
"248",28.35,28.49,28.200001,28.34,36968200,13.461463
"249",28.65,29.18,28.530001,28.91,74719700,13.732212
"250",28.9,30.18,28.24,30.040001,95181100,14.268962
"251",30.16,30.9,30.049999,30.1,96562500,14.297462
"252",30.34,31.15,30.34,31,56171300,14.724959
"253",31.459999,31.76,30.35,31.120001,67136300,14.78196
"254",30.610001,31.059999,30.4,30.860001,48744700,14.65846
"255",31.120001,31.559999,30.629999,30.629999,65691900,14.549211
"256",30.68,30.860001,29,29.15,93826600,13.846212
"257",29.17,29.67,28.719999,29.450001,50745400,13.988712
"258",29.049999,29.08,28.030001,28.120001,80673300,13.356964
"259",28.309999,28.85,28.01,28.07,68855700,13.333214
"260",28.48,28.860001,27.639999,28.690001,61656000,13.627714
"261",28.950001,29.120001,28.110001,28.209999,60306200,13.399714
"262",28.02,28.4,27.51,27.549999,41284900,13.086214
"263",26.93,27.24,26.559999,27.09,51181900,12.867716
"264",27.25,27.969999,26.82,27,64514600,12.824966
"265",26.809999,28.17,26.530001,27.4,68337800,13.014966
"266",27.32,28.450001,27.309999,27.76,67827000,13.185965
"267",27.52,27.68,26.690001,26.690001,67555300,12.677715
"268",27.26,27.68,26.83,27.530001,44449500,13.076716
"269",28.4,29.139999,28.200001,28.66,91663000,13.613463
"270",28.98,29.139999,28.66,28.940001,47486800,13.746464
"271",28.83,28.99,28.209999,28.82,41444100,13.689463
"272",28.98,30.09,28.32,28.84,121098700,13.698963
"273",28.51,29.299999,27.799999,28.110001,98821700,13.352214
"274",28.049999,28.370001,27.379999,27.540001,63662200,13.081465
"275",27.74,28.040001,27.120001,27.799999,52949900,13.204965
"276",28.139999,28.5,27.870001,28.08,61158600,13.337963
"277",27.809999,28.49,27.610001,28.440001,47801100,13.508964
"278",28.52,29.6,28.129999,29.59,54973400,14.055213
"279",30.379999,30.92,29.040001,29.27,105539200,13.903212
"280",28.030001,28.49,27.17,27.33,215834800,12.981714
"281",22.799999,23.200001,21.4,21.67,490230400,10.293223
"282",23.049999,24.26,22.709999,24.059999,293503100,11.428469
"283",24.549999,25,24.01,24.4,155246400,11.589969
"284",25,25.25,23.1,23.190001,170233000,11.015221
"285",23.200001,23.42,21.969999,22.24,159881000,10.563971
"286",22.799999,23.040001,21.92,22,90330100,10.449973
"287",21.84,22.33,20.67,21.99,147772300,10.445222
"288",21.799999,21.889999,20.48,21.190001,185688500,10.065223
"289",21.299999,22.4,21.120001,22.219999,127843200,10.554472
"290",22.440001,23.219999,22.290001,22.389999,126306300,10.635221
"291",21.940001,22.280001,20.959999,21.1,141142800,10.022473
"292",21.360001,21.950001,20.860001,21.59,122648000,10.255223
"293",21.940001,22.34,21.58,22.34,111744100,10.611473
"294",22.620001,23.49,22.610001,23.290001,130577500,11.062721
"295",23.15,23.379999,22.860001,23.17,68123200,11.005722
"296",23.110001,23.67,23.1,23.65,68295000,11.23372
"297",23.629999,23.68,23.23,23.280001,43407900,11.057972
"298",23.139999,24.129999,23.110001,24.08,77966400,11.437969
"299",23.879999,23.9,23.07,23.24,77198900,11.03897
"300",23.27,24.040001,23.18,24,90244500,11.399968
"301",23.690001,23.780001,23.23,23.52,44129300,11.171968
"302",23.17,23.629999,22.799999,22.799999,57124700,10.829969
"303",23.190001,23.540001,22.82,22.82,63338300,10.83947
"304",22.700001,23.299999,22.16,23.200001,79214500,11.01997
"305",23.48,23.879999,23.110001,23.459999,60918600,11.143468
"306",23.34,23.83,23.280001,23.83,50099700,11.319219
"307",23.639999,23.99,23.57,23.83,41959100,11.319219
"308",23.799999,24.23,23.780001,24.1,68609400,11.447469
"309",24.290001,24.389999,23.780001,23.889999,47232900,11.347717
"310",24.129999,24.200001,23.68,24.040001,40454400,11.41897
"311",24.18,24.370001,23.91,24.02,45934300,11.409471
"312",23.940001,24.34,23.93,24,55892200,11.399968
"313",23.98,24.040001,23.370001,23.700001,63231300,11.257469
"314",23.5,23.780001,23.370001,23.65,47494400,11.23372
"315",23.959999,24.370001,23.780001,23.889999,50592900,11.347717
"316",23.98,24.110001,23.690001,23.969999,53612300,11.385717
"317",24.200001,24.58,23.98,24.35,90836500,11.56622
"318",23.700001,23.83,23.02,23.09,64193600,11.336847
"319",23.129999,23.24,22.809999,22.950001,59567300,11.268109
"320",22.950001,24.889999,22.77,24.280001,196519100,11.921121
"321",24.33,24.59,23.76,23.82,94965400,11.695265
"322",24.139999,24.190001,23.65,23.709999,46600100,11.641257
"323",23.879999,23.940001,23.51,23.690001,60341000,11.631438
"324",23.85,24.049999,23.610001,23.780001,33281000,11.675627
"325",23.82,24.17,23.1,23.1,76684900,11.341758
"326",23.4,24.09,23.360001,23.940001,66374200,11.754187
"327",24.120001,24.290001,23.42,23.620001,49775900,11.59707
"328",23.4,23.93,23.280001,23.620001,61039200,11.59707
"329",23.799999,23.809999,23.299999,23.43,49039900,11.503783
"330",23.540001,23.639999,22.879999,22.889999,44765000,11.238651
"331",23.17,23.950001,23.120001,23.83,75611900,11.700176
"332",23.709999,23.85,23.4,23.5,54091600,11.538152
"333",23.639999,24.450001,23.459999,24.379999,74118200,11.970217
"334",24.799999,24.98,24.58,24.700001,73804500,12.127334
"335",24.440001,25.17,24.32,25.15,73729900,12.348276
"336",24.950001,25.530001,24.690001,24.780001,89980700,12.166615
"337",24.76,25.1,24.43,24.99,77282100,12.26972
"338",25.799999,26.379999,25.549999,26.299999,196135500,12.91291
"339",26.299999,26.66,26.200001,26.66,83512600,13.089665
"340",26.700001,26.799999,26.27,26.35,63510600,12.93746
"341",25.85,26.35,25.799999,26.15,84700500,12.839263
"342",26.15,26.280001,25.719999,25.93,71371100,12.731246
"343",26.08,26.309999,25.940001,25.950001,82884500,12.741065
"344",26.280001,26.52,25.99,26.389999,63029600,12.957097
"345",26.48,26.620001,25.780001,25.84,63672000,12.687057
"346",25.91,26.18,25.65,26.09,46646900,12.809802
"347",26.08,26.25,25.77,25.91,48877800,12.721426
"348",26.200001,27.02,26.15,26.99,129526400,13.25169
"349",26.959999,27.200001,26.780001,26.870001,46298900,13.192772
"350",27.4,27.700001,27.01,27.290001,90744900,13.398986
"351",27.35,28.07,27.26,27.870001,103985100,13.683757
"352",28.059999,28.620001,27.92,28.5,102757300,13.993077
"353",28.5,28.549999,28.01,28.290001,74548900,13.889969
"354",28.17,28.799999,27.959999,28.66,88398600,14.071634
"355",28.719999,29.08,28.52,28.66,60724200,14.071634
"356",28.83,29.030001,28.57,28.68,35871000,14.081455
"357",28.799999,28.85,28.26,28.57,54894400,14.027445
"358",28.9,29.35,28.610001,28.75,64286600,14.115823
"359",28.959999,29.059999,28.629999,29.030001,42597100,14.2533
"360",29.08,29.290001,28.77,29.139999,77432900,14.307308
"361",29.01,29.200001,27.91,28.129999,95264600,13.811412
"362",28,28.42,27.639999,28.32,115250700,13.904699
"363",28.4,29,28.4,28.950001,50709600,14.214021
"364",29,29.27,28.67,29.1,41602700,14.287669
"365",29.25,29.52,29,29.299999,57278500,14.385865
"366",29.49,29.65,29.219999,29.65,51447000,14.55771
"367",29.690001,29.790001,28.950001,29.1,84950900,14.287669
"368",29.18,29.27,28.67,29.049999,40341200,14.263119
"369",29.09,29.18,28.74,29.18,43215200,14.326947
"370",29.030001,29.57,28.92,29.43,71367600,14.449695
"371",29.74,29.879999,28.92,29.059999,65084000,14.268027
"372",29.299999,29.379999,28.73,29.18,37336700,14.326947
"373",29.01,29.16,28.370001,28.85,56028600,14.164922
"374",28.700001,28.799999,27.67,27.67,97839700,13.585558
"375",28.15,28.15,27.41,28.049999,73793500,13.772134
"376",27.4,27.68,27.27,27.49,80574200,13.497183
"377",27.58,27.780001,27.280001,27.73,53001200,13.615019
"378",27.559999,27.969999,27.379999,27.9,41594300,13.698486
"379",28.1,28.200001,27.540001,27.67,51654600,13.585558
"380",27.49,27.629999,26.92,27.08,67982600,13.295877
"381",27.23,27.379999,26.58,26.68,69024100,13.099484
"382",25.969999,26.450001,25.860001,26.24,80087700,12.88345
"383",26.190001,26.940001,25.91,26.59,63408800,13.055296
"384",26.790001,27.24,26.59,26.959999,51116600,13.23696
"385",27,27.219999,26.709999,26.9,37736500,13.2075
"386",27.1,27.17,26.68,26.74,34025500,13.128943
"387",26.74,27.469999,26.719999,27.469999,46802600,13.487362
"388",27.35,27.4,26.9,27.15,51901800,13.330247
"389",27.43,27.9,27.200001,27.709999,46727100,13.6052
"390",27.799999,27.92,27.5,27.809999,43916600,13.654297
"391",27.6,27.83,26.83,26.91,74150400,13.21241
"392",27.200001,27.41,26.370001,26.41,70528800,12.966918
"393",26.360001,26.870001,25.790001,26.85,71850400,13.182952
"394",26.549999,26.77,25.950001,26.280001,87970600,12.90309
"395",28.75,28.98,28.059999,28.35,223915900,13.91943
"396",28.5,28.540001,28.02,28.389999,51106100,13.939069
"397",27.950001,28.209999,27.67,28.190001,75381900,13.840872
"398",28.299999,28.780001,28.24,28.280001,84380900,13.88506
"399",28.16,28.99,27.969999,28.67,97863500,14.076544
"400",28.66,29.190001,28.5,29.1,95319300,14.287669
"401",29.059999,29.610001,29.02,29.35,85201800,14.410414
"402",29.200001,29.24,28.24,28.639999,101262100,14.061815
"403",26.84,27.629999,26.450001,27.030001,93623700,14.061769
"404",27.030001,27.309999,26.65,26.790001,86103100,13.936913
"405",26.26,26.870001,26.129999,26.639999,80808200,13.85888
"406",26.4,26.629999,26.17,26.6,88445600,13.83807
"407",26.940001,27.309999,26.77,27.02,70161500,14.056566
"408",27.290001,27.629999,27.24,27.58,49831400,14.347894
"409",27.629999,27.83,27.379999,27.73,46031200,14.425929
"410",27.58,27.879999,27.469999,27.49,41061300,14.301073
"411",27.700001,28.49,27.67,28.49,76465300,14.821301
"412",28.4,28.709999,28.26,28.299999,61054000,14.722458
"413",28.200001,28.23,26.99,27.190001,110574300,14.145006
"414",27.32,27.34,26.33,27.040001,69430400,14.066972
"415",27,27.35,26.459999,26.6,56052000,13.83807
"416",26.65,26.780001,26.1,26.33,58182700,13.697609
"417",26.209999,26.709999,26.15,26.459999,26770700,13.765237
"418",26.290001,26.35,24.790001,24.969999,80378400,12.990098
"419",25.08,25.879999,24.139999,25.5,156617100,13.265819
"420",26.02,26.139999,25.33,25.34,78379900,13.182583
"421",25.799999,26.389999,25.639999,26.23,63317900,13.645585
"422",25.950001,26.25,25.719999,25.879999,65497300,13.463505
"423",26,26.459999,25.870001,26.33,67274100,13.697609
"424",26.08,26.24,25.51,26.1,65567700,13.577956
"425",25.969999,26.02,24.77,24.93,131694100,12.96929
"426",24.08,24.65,23.790001,24.65,80260600,12.823627
"427",25.08,25.290001,24.530001,25.209999,64570200,13.114952
"428",25.530001,26.219999,25.52,25.85,70231800,13.447899
"429",25.950001,26.950001,25.91,26.84,84480600,13.962925
"430",26.549999,27.059999,26.469999,26.9,44821500,13.994138
"431",27.139999,27.459999,26.5,27.139999,89178700,14.118992
"432",27.190001,27.889999,26.719999,26.959999,117874300,14.025352
"433",27.209999,27.530001,26.82,27.389999,58731700,14.249051
"434",27.530001,27.58,27.17,27.23,65744000,14.165813
"435",27.120001,28,27.07,28,60983200,14.566391
"436",27.76,28.809999,27.719999,28.790001,106937000,14.97737
"437",29,29.469999,28.9,29.42,100469100,15.305114
"438",28.950001,29.17,28.469999,28.639999,84599400,14.899336
"439",28.700001,28.98,28.25,28.6,60551100,14.878527
"440",29,29.610001,28.709999,29.120001,84170500,15.149046
"441",29.5,29.85,29.15,29.32,76466700,15.253089
"442",29.17,29.700001,29.08,29.629999,55605400,15.414362
"443",29.860001,30.219999,29.5,29.68,76172700,15.440372
"444",29.799999,29.84,29.51,29.6,72479900,15.398757
"445",29.4,29.639999,28.99,29.450001,68971300,15.320722
"446",29.24,29.32,27.860001,28.01,111484000,14.571594
"447",28.27,28.799999,27.950001,28.5,56063300,14.826505
"448",27.860001,28.18,26.92,27.450001,101567700,14.280265
"449",27.1,27.76,25.77,27.18,138384700,14.139803
"450",27.76,29.309999,27.65,29.040001,135830600,15.107428
"451",28.799999,29.23,28.6,28.76,57865600,14.961763
"452",28.83,29.059999,28.469999,28.690001,57579200,14.925347
"453",28.530001,29.25,28.25,28.959999,89578000,15.065808
"454",29.129999,29.190001,26.969999,27.15,157340000,14.124196
"455",27.709999,28.32,27.370001,28,102157200,14.566391
"456",27.709999,27.85,26.799999,26.85,83475800,13.968128
"457",27.02,27.24,25.85,26,92603400,13.525932
"458",26.290001,26.540001,25.780001,25.85,86264000,13.447899
"459",25.809999,26.66,25.719999,26.120001,59704100,13.588361
"460",26.200001,26.950001,26.200001,26.639999,73021700,13.85888
"461",26.6,26.93,26.16,26.43,68176300,13.749632
"462",26.879999,26.879999,26.24,26.450001,60848900,13.760036
"463",26.309999,27.16,26,26.99,85962500,14.040959
"464",27.26,27.559999,26.629999,27.27,60978200,14.186624
"465",27.389999,27.440001,26.49,26.58,82106800,13.827665
"466",26.690001,26.75,26.049999,26.540001,63993000,13.806857
"467",26.1,26.280001,25.780001,26.1,85893800,13.577956
"468",26.299999,27.129999,26.290001,26.360001,59195200,13.713217
"469",26.610001,28.049999,26.5,27.799999,108382300,14.462344
"470",27.780001,28.440001,27.51,28.370001,64263300,14.758874
"471",29.049999,29.790001,28.559999,29.620001,104052200,15.40916
"472",28.389999,29.16,28.07,28.469999,108871800,14.810896
"473",29.360001,29.82,28.809999,29.469999,84672200,15.331124
"474",29.299999,29.639999,28.860001,29.43,129384600,15.310317
"475",29.84,30.67,29.48,29.6,135078600,15.398757
"476",26.99,28.49,26.200001,28.360001,191410300,16.573692
"477",28.48,28.940001,28.219999,28.76,105133000,16.807451
"478",28.780001,29.27,28.68,28.889999,66142300,16.883425
"479",29.280001,29.57,28.799999,29.360001,98989300,17.158094
"480",29.360001,30.07,29.219999,29.35,71167700,17.152252
"481",29.1,29.49,28.790001,29.290001,67668200,17.117188
"482",29.5,30.1,29.48,29.65,38517500,17.32757
"483",29.67,30.049999,29.290001,29.469999,45448700,17.222378
"484",29.610001,29.85,29.01,29.120001,56833800,17.017839
"485",29.1,29.299999,28.59,29.299999,55085100,17.12303
"486",29.620001,29.98,29.5,29.690001,56545700,17.35095
"487",29.32,29.639999,28.780001,28.99,93593700,16.941866
"488",28.440001,28.549999,27.68,28.16,106282500,16.45681
"489",28.549999,28.719999,28.120001,28.200001,40454500,16.480186
"490",28.4,28.4,27.969999,28.16,33734500,16.45681
"491",28.33,28.42,28.15,28.33,28713600,16.556158
"492",28.32,28.780001,28.15,28.75,44227900,16.801609
"493",29.01,29.280001,28.700001,28.780001,30688100,16.819141
"494",28.700001,28.9,28.42,28.540001,35508400,16.678885
"495",28.549999,28.700001,28.389999,28.450001,43229100,16.626287
"496",28.540001,29.219999,28.530001,29.09,52704700,17.000307
"497",29.16,29.4,28.91,29.200001,51739200,17.06459
"498",29.190001,29.27,27.940001,28.07,78459800,16.404213
"499",28.290001,28.65,27.84,28.049999,61163100,16.392527
"500",28.110001,28.290001,27.82,28.18,47507600,16.468498
"501",27.99,28.24,27.719999,28.01,37455200,16.36915
"502",28.1,29.07,27.85,28.84,73623800,16.854206
"503",28.950001,29.91,28.950001,29.719999,81378200,17.368481
"504",29.530001,30.629999,29.5,30.32,76717500,17.719122
"505",30.280001,31.6,30.24,31.450001,96458800,18.379499
"506",31.4,31.809999,31.25,31.5,35675900,18.408718
"507",31.559999,31.98,30.969999,31.639999,78198800,18.490536
"508",31.9,32.209999,31.440001,31.49,77480200,18.402874
"509",31.5,32,31.110001,31.719999,85353100,18.537287
"510",31.57,31.879999,31.530001,31.77,61345400,18.566509
"511",31.690001,32.25,31.040001,31.950001,79117100,18.6717
"512",31.700001,33.23,31.58,32.990002,98358500,19.279484
"513",33.299999,34.27,33.299999,33.869999,98679900,19.793756
"514",34.25,34.639999,33.169998,33.880001,90631000,19.799601
"515",33.799999,34.349998,32.220001,32.540001,117400500,19.016499
"516",32.5,33,32.07,32.349998,62450300,18.905462
"517",32.349998,33.32,31.950001,33,57315200,19.285324
"518",33.41,33.490002,32.360001,32.52,36271700,19.004812
"519",32.349998,32.919998,31.620001,32.07,51087800,18.741829
"520",32.41,33.23,31.879999,32.630001,59346800,19.069096
"521",32.549999,32.779999,32.130001,32.150002,48868100,18.788584
"522",31.9,31.950001,31.26,31.83,62590000,18.601572
"523",31.74,32.689999,31.65,31.950001,50960500,18.6717
"524",32.299999,32.900002,31.940001,32.439999,49534600,18.958055
"525",32.77,33.91,32.630001,33.759998,88013400,19.729471
"526",33.860001,33.939999,32.82,33,55687000,19.285324
"527",32.66,32.68,31.889999,32.48,65689000,18.981436
"528",32.830002,33.700001,32.77,32.93,65811600,19.244417
"529",32.849998,33.290001,32.549999,32.799999,43255200,19.168444
"530",32.57,33.09,32.27,33,60304700,19.285324
"531",33.049999,34,33,33.849998,51263800,19.782068
"532",34.220001,34.68,33.209999,33.740002,80206700,19.717785
"533",34.18,34.599998,33.799999,34.220001,86530100,19.998299
"534",34.799999,35.290001,32.68,33.389999,139674100,19.513241
"535",33.450001,34,32.900002,34,86189100,19.869728
"536",35.259998,35.290001,34.389999,34.669998,58071800,20.261278
"537",34.82,34.93,34.16,34.240002,69237400,20.009985
"538",34.080002,34.68,33.82,34.23,55418000,20.004141
"539",34.5,34.599998,31.629999,31.799999,110954100,18.58404
"540",32,32.970001,31.51,32.459999,111633500,18.969746
"541",32.599998,32.82,31.74,32.560001,87779300,19.028187
"542",32.599998,34.599998,32.52,33.700001,136437700,19.694408
"543",33.91,34.380001,32.07,32.490002,92153700,18.987282
"544",32.43,32.889999,31.52,31.870001,52274100,18.624949
"545",31.139999,31.540001,30.469999,31.1,66272000,18.174957
"546",31.5,31.540001,30.370001,30.83,72034900,18.017168
"547",31.25,31.4,29.5,30.01,178319300,17.537958
"548",30.09,30.82,29.860001,30.610001,93097100,17.888599
"549",30.91,32.09,30.639999,31.76,67700800,18.560663
"550",31.99,32.099998,31.35,31.620001,56128600,18.478848
"551",31.93,32.470001,31.690001,32.049999,52956100,18.730141
"552",32.049999,32.599998,31.67,32.419998,49402800,18.946367
"553",32.150002,32.549999,31.92,32.299999,51780100,18.876242
"554",32.060001,32.080002,30.98,31.6,68610500,18.467159
"555",32.130001,32.759998,31.92,32.299999,93809000,18.876242
"556",32.5,32.990002,32.380001,32.990002,69648400,19.279484
"557",32.57,33.57,32.5,33.450001,94269500,19.548307
"558",33.549999,33.790001,32.91,33.009998,72545400,19.291168
"559",32.900002,32.900002,32.25,32.700001,56053000,19.110003
"560",32.66,33.060001,32.389999,32.389999,45847200,18.928839
"561",32.599998,32.779999,32.040001,32.360001,56947100,18.911306
"562",32.639999,34.060001,32.5,34.040001,118469400,19.893105
"563",34.07,34.41,33.849998,34.209999,60772700,19.992453
"564",33.900002,34.099998,33.779999,33.950001,48125400,19.840509
"565",34.400002,34.68,33.799999,33.849998,68522800,19.782068
"566",34.369999,34.799999,34.099998,34.57,101438800,20.202839
"567",31.6,32.07,31.16,31.27,119382100,19.992018
"568",31.16,31.389999,30.469999,30.719999,76350600,19.640383
"569",31.16,32,31.120001,31.65,88494100,20.234964
"570",31.65,31.950001,31.33,31.799999,34694700,20.330864
"571",31.049999,31.299999,30.32,30.559999,74560900,19.538088
"572",29.969999,30.440001,29.540001,30.110001,66413900,19.250389
"573",30.110001,30.58,29.889999,30.059999,48764100,19.21842
"574",30.370001,30.559999,29.950001,30.059999,41881300,19.21842
"575",30.450001,30.620001,30.25,30.26,43298500,19.346289
"576",30.75,31.59,30.280001,30.280001,76243900,19.359074
"577",30.17,30.33,29.33,29.98,72456200,19.167274
"578",30.120001,30.389999,29.82,30.25,52531000,19.339897
"579",30.6,32.169998,30.4,32.07,109417000,20.503485
"580",31.809999,32.5,31.02,32.009998,99439900,20.465126
"581",32.689999,33.119999,31.9,33.060001,129570200,21.136427
"582",32.700001,33.040001,32.060001,32.16,92314500,20.561026
"583",32.360001,32.849998,32.200001,32.439999,60330600,20.740038
"584",32.779999,33.91,32.689999,33.57,108895400,21.462488
"585",33.259998,34.080002,33.259998,33.830002,114415900,21.628717
"586",34.099998,34.439999,33.900002,34.27,67000100,21.910023
"587",34.25,34.880001,34.009998,34.610001,92075300,22.127398
"588",35,35.139999,34.139999,34.16,90914700,21.839697
"589",34.18,34.560001,33.43,33.599998,80986200,21.481668
"590",33.52,34.290001,33.330002,34.169998,63983100,21.846088
"591",34.59,34.830002,34.25,34.830002,79589900,22.268053
"592",35.18,36.310001,35.150002,36.200001,93807400,23.143942
"593",31.200001,32.09,30.709999,31.6,154453100,22.513762
"594",31.700001,32.279999,31.26,32.049999,69991900,22.83437
"595",32.02,32.560001,31.950001,32.130001,78303600,22.891365
"596",32.150002,32.150002,30.57,30.6,118295600,21.8013
"597",30.84,30.870001,29.120001,29.99,98110100,21.366699
"598",30.41,30.620001,29.809999,30.059999,83598000,21.416573
"599",29.9,30.33,29.85,30.02,46353200,21.388073
"600",29.969999,30.049999,29.549999,29.76,50738300,21.202833
"601",29.709999,30.440001,29.530001,30.280001,60396900,21.573315
"602",30.5,30.530001,29.91,30.299999,39213900,21.587563
"603",30.190001,31.299999,30.16,30.66,80333700,21.844048
"604",30.42,31.15,30.33,30.51,65923900,21.737179
"605",30.51,30.66,29.98,30.07,53879000,21.423697
"606",30.01,30.01,29.059999,29.65,63101700,21.124464
"607",29.02,29.58,28.67,29.27,64507100,20.853727
"608",29.66,30.25,29.24,29.6,68816900,21.08884
"609",30,30.02,28.84,29.08,72785700,20.718361
"610",28.17,28.450001,26.129999,27.309999,184606500,19.457304
"611",26.02,28.25,25.91,27.620001,92581800,19.678167
"612",27.799999,28.16,26.690001,27.07,85179500,19.286314
"613",26.58,27.549999,26.389999,26.99,57874700,19.229317
"614",26.98,27.379999,26.120001,26.49,69262300,18.873087
"615",26.76,27.09,26.18,26.290001,53413400,18.730595
"616",26.82,28.07,26.66,27.98,90417700,19.934652
"617",28.58,28.83,28.02,28.33,51388000,20.184013
"618",28.48,28.82,27.84,28.08,52048800,20.005899
"619",27.65,28.059999,27.4,27.93,49910100,19.899031
"620",28.08,28.85,27.52,28.530001,64948200,20.326508
"621",28.540001,29.280001,28.540001,29.139999,37324200,20.761106
"622",28.9,28.950001,27.549999,28.030001,78428500,19.970278
"623",28.16,28.48,26.91,27.67,57617200,19.713791
"624",28,28.92,28,28.48,52147300,20.290882
"625",28.530001,28.969999,28.370001,28.799999,43097800,20.518869
"626",28.32,28.790001,28.25,28.66,39577600,20.419127
"627",28.299999,28.43,27.969999,28.23,46462000,20.112768
"628",28.129999,28.48,27.98,28.25,35497200,20.127018
"629",28,28,27.24,27.49,47151000,19.585548
"630",27.700001,28.049999,27.49,27.959999,38610800,19.920404
"631",28.389999,28.690001,28.299999,28.6,46782300,20.376381
"632",28.549999,29.24,28.4,29.18,48562300,20.789606
"633",29.07,29.219999,28.83,29.17,43520800,20.782482
"634",28.98,29.129999,28.200001,29.02,58843200,20.675613
"635",29.040001,29.469999,28.85,29.33,55676200,20.896477
"636",29.610001,30.75,29.610001,30.700001,79106600,21.872547
"637",31.200001,31.620001,30.59,31.01,78360100,22.09341
"638",31.299999,31.469999,30.620001,31.35,56097200,22.335648
"639",31.59,32.630001,31.43,32.290001,114996500,23.00536
"640",33.599998,34.66,32.830002,34.150002,181480600,24.330538
"641",34,34.150002,33.220001,33.68,81365100,23.995682
"642",33.77,34.5,33.48,33.830002,69147100,24.102551
"643",34.009998,34.16,33.560001,33.849998,65544500,24.116798
"644",34.080002,34.400002,33.580002,34.209999,54387500,24.373283
"645",34.150002,35.060001,34.119999,34.869999,77882600,24.843508
"646",35.139999,36.77,35.130001,36.630001,109484600,26.097439
"647",37.009998,37.459999,36.849998,37.23,79051200,26.524916
"648",37.650002,37.650002,36.610001,37.110001,78369600,26.439421
"649",37.450001,37.860001,36.25,36.25,128896500,25.826706
"650",29.1,31.83,29.08,31.709999,171288300,27.744591
"651",30.879999,32.23,30.549999,31.719999,96759000,27.753342
"652",31.719999,32.07,31.5,32.009998,64218800,28.007074
"653",31.65,32.82,31.6,32.759998,72924700,28.663286
"654",33.099998,33.66,32.869999,33.419998,84552500,29.240751
"655",32.919998,33.150002,31.33,31.73,125178200,27.762091
"656",31.74,32.580002,30.48,32.41,92400300,28.357056
"657",32.630001,33.5,32.619999,33.439999,73215800,29.258251
"658",33.540001,34.119999,33.25,33.639999,61067900,29.433241
"659",34.099998,34.360001,32.669998,33.279999,99511600,29.118259
"660",33.279999,33.669998,32.57,33.639999,63545400,29.433241
"661",33.549999,35.080002,33.450001,34.48,73339500,30.168198
"662",34,34.220001,32.27,32.43,99361100,28.374556
"663",32.07,33.439999,31.82,33.23,114235400,29.074512
"664",33.360001,33.950001,32.759998,33.849998,69184700,29.61698
"665",34.439999,34.57,33.259998,33.419998,81792300,29.240751
"666",33.849998,34.110001,33.150002,33.34,76337600,29.170757
"667",32.27,32.59,31.51,32.099998,111813500,28.085821
"668",32.310001,32.779999,31.4,31.799999,63159800,27.823338
"669",32.490002,32.669998,31.700001,31.790001,49871900,27.814589
"670",32.150002,32.73,31.459999,31.48,71374500,27.543354
"671",30.940001,31.440001,30.52,30.65,88327800,26.817148
"672",30.75,31.43,30.629999,31.120001,49039700,27.228374
"673",30.92,31.23,30.799999,31.059999,45553200,27.175877
"674",30.860001,30.950001,30.34,30.780001,107303600,26.930891
"675",30.5,31.379999,29.879999,31.27,65559900,27.359615
"676",31.42,31.6,30.84,31.09,67798200,27.202126
"677",31.35,31.469999,30.889999,31.17,58812200,27.272121
"678",31.48,32.080002,31.030001,31.940001,69764300,27.945831
"679",31.32,31.389999,29.77,29.940001,138630800,26.195936
"680",29.719999,30.08,29.27,29.290001,42934600,25.62722
"681",29.66,29.879999,29.58,29.67,71087600,25.9597
"682",29.67,29.82,28.58,29.27,104670700,25.60972
"683",28.99,29.4,28.6,29.309999,87536500,25.644718
"684",29.219999,30.49,29,29.799999,121637100,26.073442
"685",31.91,32.639999,31.66,32.18,179694100,28.155819
"686",32.900002,32.98,31.07,31.370001,115917200,27.447111
"687",31.41,32.82,31.200001,32.549999,92893700,28.479548
"688",33,33.790001,32.439999,33.66,82671900,29.450741
"689",33.580002,34.32,33.220001,33.630001,73500100,29.424494
"690",33.650002,33.889999,33,33.25,52222600,29.092012
"691",32.889999,33.330002,32.610001,33,58332400,28.873276
"692",32.5,34.490002,32.41,33.939999,91143900,29.695724
"693",33.970001,34.139999,33.299999,33.419998,62246100,29.240751
"694",33.240002,34.150002,32.84,33.389999,100936400,29.214504
"695",33.900002,34.23,33.16,34.209999,82313200,29.931961
"696",34.130001,35.560001,34.02,35.419998,113700900,30.990646
"697",36.099998,36.549999,35.77,36.470001,114347400,31.909344
"698",36.450001,38.389999,36.389999,37.720001,139601400,33.003029
"699",36.5,36.82,34.23,34.25,142110900,29.966959
"700",34.040001,34.5,33.209999,33.529999,113161200,29.336996
"701",32.599998,33.529999,31.9,32.709999,121334800,28.619539
"702",32.810001,33.540001,32.669998,32.959999,111008800,28.838276
"703",32.700001,33.119999,31.860001,32.57,129745400,28.497047
"704",30.610001,31.6,29.16,29.809999,262409400,26.082191
"705",30.57,30.67,29.559999,29.860001,115944200,26.12594
"706",29.799999,30.389999,29.440001,29.950001,139062100,26.204685
"707",30.799999,30.9,28.18,28.299999,195361000,24.761021
"708",27.959999,28.299999,27.07,27.15,117206600,23.754831
"709",27.059999,27.530001,26.75,27.35,94745400,23.929821
"710",27.15,27.950001,26.639999,26.9,103303500,23.536093
"711",26.08,26.889999,25.610001,26.120001,145470100,22.853636
"712",25.799999,27.360001,25.700001,26.99,146365800,23.61484
"713",27.26,28.18,27.09,27.700001,66639500,24.236053
"714",27.809999,28.110001,26.93,27.15,85549900,23.754831
"715",27,27.299999,26.549999,27.16,101525800,23.76358
"716",27.4,27.6,26.219999,26.700001,127683500,23.361105
"717",27.120001,27.57,26.049999,26.780001,164898100,23.431101
"718",23,23.43,22.299999,23.33,164261300,23.33
"719",23,23.65,22.799999,23.440001,77317300,23.440001
"720",23.52,24.629999,23.25,24.25,94233800,24.25
"721",24.26,24.33,23.6,23.860001,58635900,23.860001
"722",23.65,24.549999,23.540001,24.360001,56067400,24.360001
"723",24.6,25.879999,24.48,25.379999,96151500,25.379999
"724",25.6,26.66,25.5,26.66,120774700,26.66
"725",26.58,26.790001,25.559999,25.59,71259400,25.59
"726",25.690001,26.450001,25.309999,25.91,66301000,25.91
"727",26,26.58,25.549999,25.620001,56065400,25.620001
"728",25.82,26.389999,25.42,25.639999,74991200,25.639999
"729",25.34,26.07,25.27,25.35,57008400,25.35
"730",25.549999,25.790001,24.639999,24.780001,55567700,24.780001
"731",24.99,25.049999,24.49,24.709999,61586200,24.709999
"732",24.58,24.66,23.129999,23.91,111293100,23.91
"733",24.1,24.200001,23.309999,23.32,102533100,23.32
"734",22.5,22.6,20.77,21.469999,319501600,21.469999
"735",21,22.370001,20.83,22.040001,132385600,22.040001
"736",21.959999,22.110001,21.51,22.049999,90767300,22.049999
"737",22.1,22.51,21.639999,22.379999,63074100,22.379999
"738",22.389999,23.24,22.209999,23.07,71875500,23.07
"739",23.5,23.719999,22.85,23.57,74252800,23.57
"740",23.9,24.559999,23.700001,23.99,81894800,23.99
"741",24.129999,25.219999,24.129999,25.120001,68387900,25.120001
"742",25.120001,25.299999,24.82,24.940001,28765200,24.940001
"743",25.25,25.309999,24.549999,25.110001,50803200,25.110001
"744",25.1,25.32,24.75,24.799999,57293500,24.799999
"745",24.99,25.049999,24.43,24.5,57901800,24.5
